gtpath, predpath, gt numsyms, pred numsyms, SEC (symbol edit cost), SECR (SEC / total numsyms)
/Users/gregc/Documents/test/greg_results/gt/45_.kern, /Users/gregc/Documents/test/greg_results/pred/45_.kern, 277, 203, 338, 0.7041666666666667
/Users/gregc/Documents/test/greg_results/gt/117_.kern, /Users/gregc/Documents/test/greg_results/pred/117_.kern, 362, 258, 498, 0.8032258064516129
/Users/gregc/Documents/test/greg_results/gt/253_.kern, /Users/gregc/Documents/test/greg_results/pred/253_.kern, 251, 186, 346, 0.7917620137299771
/Users/gregc/Documents/test/greg_results/gt/463_.kern, /Users/gregc/Documents/test/greg_results/pred/463_.kern, 131, 161, 132, 0.4520547945205479
/Users/gregc/Documents/test/greg_results/gt/336_.kern, /Users/gregc/Documents/test/greg_results/pred/336_.kern, 277, 298, 318, 0.5530434782608695
/Users/gregc/Documents/test/greg_results/gt/192_.kern, /Users/gregc/Documents/test/greg_results/pred/192_.kern, 288, 286, 422, 0.735191637630662
/Users/gregc/Documents/test/greg_results/gt/506_.kern, /Users/gregc/Documents/test/greg_results/pred/506_.kern, 121, 122, 186, 0.7654320987654321
/Users/gregc/Documents/test/greg_results/gt/85_.kern, /Users/gregc/Documents/test/greg_results/pred/85_.kern, 305, 271, 352, 0.6111111111111112
/Users/gregc/Documents/test/greg_results/gt/78_.kern, /Users/gregc/Documents/test/greg_results/pred/78_.kern, 224, 200, 237, 0.5589622641509434
/Users/gregc/Documents/test/greg_results/gt/7_.kern, /Users/gregc/Documents/test/greg_results/pred/7_.kern, 439, 306, 689, 0.9248322147651007
/Users/gregc/Documents/test/greg_results/gt/312_.kern, /Users/gregc/Documents/test/greg_results/pred/312_.kern, 213, 193, 151, 0.37192118226600984
/Users/gregc/Documents/test/greg_results/gt/487_.kern, /Users/gregc/Documents/test/greg_results/pred/487_.kern, 304, 266, 332, 0.5824561403508772
/Users/gregc/Documents/test/greg_results/gt/19_.kern, /Users/gregc/Documents/test/greg_results/pred/19_.kern, 337, 278, 441, 0.7170731707317073
/Users/gregc/Documents/test/greg_results/gt/522_.kern, /Users/gregc/Documents/test/greg_results/pred/522_.kern, 196, 177, 201, 0.5388739946380697
/Users/gregc/Documents/test/greg_results/gt/277_.kern, /Users/gregc/Documents/test/greg_results/pred/277_.kern, 228, 147, 262, 0.6986666666666667
/Users/gregc/Documents/test/greg_results/gt/232_.kern, /Users/gregc/Documents/test/greg_results/pred/232_.kern, 390, 386, 365, 0.47036082474226804
/Users/gregc/Documents/test/greg_results/gt/133_.kern, /Users/gregc/Documents/test/greg_results/pred/133_.kern, 339, 292, 436, 0.6909667194928685
/Users/gregc/Documents/test/greg_results/gt/24_.kern, /Users/gregc/Documents/test/greg_results/pred/24_.kern, 264, 258, 156, 0.2988505747126437
/Users/gregc/Documents/test/greg_results/gt/397_.kern, /Users/gregc/Documents/test/greg_results/pred/397_.kern, 163, 161, 209, 0.6450617283950617
/Users/gregc/Documents/test/greg_results/gt/402_.kern, /Users/gregc/Documents/test/greg_results/pred/402_.kern, 185, 154, 278, 0.8200589970501475
/Users/gregc/Documents/test/greg_results/gt/447_.kern, /Users/gregc/Documents/test/greg_results/pred/447_.kern, 248, 156, 301, 0.745049504950495
/Users/gregc/Documents/test/greg_results/gt/63_.kern, /Users/gregc/Documents/test/greg_results/pred/63_.kern, 172, 202, 229, 0.6122994652406417
/Users/gregc/Documents/test/greg_results/gt/288_.kern, /Users/gregc/Documents/test/greg_results/pred/288_.kern, 253, 231, 335, 0.6921487603305785
/Users/gregc/Documents/test/greg_results/gt/26_.kern, /Users/gregc/Documents/test/greg_results/pred/26_.kern, 264, 0, 264, 1.0
/Users/gregc/Documents/test/greg_results/gt/131_.kern, /Users/gregc/Documents/test/greg_results/pred/131_.kern, 217, 220, 268, 0.6132723112128147
/Users/gregc/Documents/test/greg_results/gt/189_.kern, /Users/gregc/Documents/test/greg_results/pred/189_.kern, 398, 361, 573, 0.7549407114624506
/Users/gregc/Documents/test/greg_results/gt/275_.kern, /Users/gregc/Documents/test/greg_results/pred/275_.kern, 256, 262, 351, 0.6776061776061776
/Users/gregc/Documents/test/greg_results/gt/230_.kern, /Users/gregc/Documents/test/greg_results/pred/230_.kern, 315, 306, 535, 0.8615136876006442
/Users/gregc/Documents/test/greg_results/gt/400_.kern, /Users/gregc/Documents/test/greg_results/pred/400_.kern, 171, 149, 172, 0.5375
/Users/gregc/Documents/test/greg_results/gt/445_.kern, /Users/gregc/Documents/test/greg_results/pred/445_.kern, 375, 370, 223, 0.2993288590604027
/Users/gregc/Documents/test/greg_results/gt/368_.kern, /Users/gregc/Documents/test/greg_results/pred/368_.kern, 306, 296, 316, 0.5249169435215947
/Users/gregc/Documents/test/greg_results/gt/395_.kern, /Users/gregc/Documents/test/greg_results/pred/395_.kern, 385, 353, 563, 0.7628726287262872
/Users/gregc/Documents/test/greg_results/gt/485_.kern, /Users/gregc/Documents/test/greg_results/pred/485_.kern, 208, 212, 124, 0.29523809523809524
/Users/gregc/Documents/test/greg_results/gt/478_.kern, /Users/gregc/Documents/test/greg_results/pred/478_.kern, 225, 237, 107, 0.23160173160173161
/Users/gregc/Documents/test/greg_results/gt/520_.kern, /Users/gregc/Documents/test/greg_results/pred/520_.kern, 395, 374, 689, 0.8959687906371911
/Users/gregc/Documents/test/greg_results/gt/149_.kern, /Users/gregc/Documents/test/greg_results/pred/149_.kern, 156, 184, 204, 0.6
/Users/gregc/Documents/test/greg_results/gt/334_.kern, /Users/gregc/Documents/test/greg_results/pred/334_.kern, 196, 245, 376, 0.8526077097505669
/Users/gregc/Documents/test/greg_results/gt/371_.kern, /Users/gregc/Documents/test/greg_results/pred/371_.kern, 130, 120, 152, 0.608
/Users/gregc/Documents/test/greg_results/gt/128_.kern, /Users/gregc/Documents/test/greg_results/pred/128_.kern, 144, 161, 224, 0.7344262295081967
/Users/gregc/Documents/test/greg_results/gt/291_.kern, /Users/gregc/Documents/test/greg_results/pred/291_.kern, 254, 195, 430, 0.9576837416481069
/Users/gregc/Documents/test/greg_results/gt/87_.kern, /Users/gregc/Documents/test/greg_results/pred/87_.kern, 290, 177, 383, 0.8201284796573876
/Users/gregc/Documents/test/greg_results/gt/229_.kern, /Users/gregc/Documents/test/greg_results/pred/229_.kern, 198, 204, 153, 0.3805970149253731
/Users/gregc/Documents/test/greg_results/gt/190_.kern, /Users/gregc/Documents/test/greg_results/pred/190_.kern, 337, 294, 538, 0.8526148969889065
/Users/gregc/Documents/test/greg_results/gt/504_.kern, /Users/gregc/Documents/test/greg_results/pred/504_.kern, 286, 282, 325, 0.5721830985915493
/Users/gregc/Documents/test/greg_results/gt/251_.kern, /Users/gregc/Documents/test/greg_results/pred/251_.kern, 399, 386, 133, 0.16942675159235668
/Users/gregc/Documents/test/greg_results/gt/214_.kern, /Users/gregc/Documents/test/greg_results/pred/214_.kern, 283, 274, 49, 0.08797127468581688
/Users/gregc/Documents/test/greg_results/gt/150_.kern, /Users/gregc/Documents/test/greg_results/pred/150_.kern, 289, 286, 41, 0.07130434782608695
/Users/gregc/Documents/test/greg_results/gt/115_.kern, /Users/gregc/Documents/test/greg_results/pred/115_.kern, 448, 381, 587, 0.7080820265379976
/Users/gregc/Documents/test/greg_results/gt/47_.kern, /Users/gregc/Documents/test/greg_results/pred/47_.kern, 339, 337, 408, 0.6035502958579881
/Users/gregc/Documents/test/greg_results/gt/309_.kern, /Users/gregc/Documents/test/greg_results/pred/309_.kern, 406, 312, 634, 0.883008356545961
/Users/gregc/Documents/test/greg_results/gt/424_.kern, /Users/gregc/Documents/test/greg_results/pred/424_.kern, 228, 227, 123, 0.2703296703296703
/Users/gregc/Documents/test/greg_results/gt/461_.kern, /Users/gregc/Documents/test/greg_results/pred/461_.kern, 253, 215, 383, 0.8183760683760684
/Users/gregc/Documents/test/greg_results/gt/83_.kern, /Users/gregc/Documents/test/greg_results/pred/83_.kern, 194, 177, 202, 0.5444743935309974
/Users/gregc/Documents/test/greg_results/gt/268_.kern, /Users/gregc/Documents/test/greg_results/pred/268_.kern, 516, 512, 671, 0.6527237354085603
/Users/gregc/Documents/test/greg_results/gt/194_.kern, /Users/gregc/Documents/test/greg_results/pred/194_.kern, 165, 166, 241, 0.7280966767371602
/Users/gregc/Documents/test/greg_results/gt/169_.kern, /Users/gregc/Documents/test/greg_results/pred/169_.kern, 300, 194, 363, 0.7348178137651822
/Users/gregc/Documents/test/greg_results/gt/295_.kern, /Users/gregc/Documents/test/greg_results/pred/295_.kern, 314, 333, 594, 0.9180834621329211
/Users/gregc/Documents/test/greg_results/gt/388_.kern, /Users/gregc/Documents/test/greg_results/pred/388_.kern, 326, 312, 460, 0.7210031347962382
/Users/gregc/Documents/test/greg_results/gt/330_.kern, /Users/gregc/Documents/test/greg_results/pred/330_.kern, 189, 172, 290, 0.8033240997229917
/Users/gregc/Documents/test/greg_results/gt/375_.kern, /Users/gregc/Documents/test/greg_results/pred/375_.kern, 214, 199, 347, 0.8401937046004843
/Users/gregc/Documents/test/greg_results/gt/458_.kern, /Users/gregc/Documents/test/greg_results/pred/458_.kern, 302, 216, 304, 0.5868725868725869
/Users/gregc/Documents/test/greg_results/gt/348_.kern, /Users/gregc/Documents/test/greg_results/pred/348_.kern, 271, 245, 450, 0.872093023255814
/Users/gregc/Documents/test/greg_results/gt/420_.kern, /Users/gregc/Documents/test/greg_results/pred/420_.kern, 91, 105, 127, 0.6479591836734694
/Users/gregc/Documents/test/greg_results/gt/498_.kern, /Users/gregc/Documents/test/greg_results/pred/498_.kern, 274, 263, 288, 0.5363128491620112
/Users/gregc/Documents/test/greg_results/gt/154_.kern, /Users/gregc/Documents/test/greg_results/pred/154_.kern, 236, 205, 227, 0.5147392290249433
/Users/gregc/Documents/test/greg_results/gt/43_.kern, /Users/gregc/Documents/test/greg_results/pred/43_.kern, 316, 243, 426, 0.7620751341681574
/Users/gregc/Documents/test/greg_results/gt/255_.kern, /Users/gregc/Documents/test/greg_results/pred/255_.kern, 223, 221, 75, 0.16891891891891891
/Users/gregc/Documents/test/greg_results/gt/391_.kern, /Users/gregc/Documents/test/greg_results/pred/391_.kern, 188, 186, 210, 0.5614973262032086
/Users/gregc/Documents/test/greg_results/gt/404_.kern, /Users/gregc/Documents/test/greg_results/pred/404_.kern, 155, 152, 115, 0.3745928338762215
/Users/gregc/Documents/test/greg_results/gt/441_.kern, /Users/gregc/Documents/test/greg_results/pred/441_.kern, 260, 0, 260, 1.0
/Users/gregc/Documents/test/greg_results/gt/329_.kern, /Users/gregc/Documents/test/greg_results/pred/329_.kern, 273, 278, 91, 0.16515426497277677
/Users/gregc/Documents/test/greg_results/gt/519_.kern, /Users/gregc/Documents/test/greg_results/pred/519_.kern, 302, 290, 158, 0.2668918918918919
/Users/gregc/Documents/test/greg_results/gt/271_.kern, /Users/gregc/Documents/test/greg_results/pred/271_.kern, 298, 207, 382, 0.7564356435643564
/Users/gregc/Documents/test/greg_results/gt/234_.kern, /Users/gregc/Documents/test/greg_results/pred/234_.kern, 356, 372, 591, 0.8118131868131868
/Users/gregc/Documents/test/greg_results/gt/22_.kern, /Users/gregc/Documents/test/greg_results/pred/22_.kern, 268, 257, 348, 0.6628571428571428
/Users/gregc/Documents/test/greg_results/gt/170_.kern, /Users/gregc/Documents/test/greg_results/pred/170_.kern, 329, 304, 565, 0.8925750394944708
/Users/gregc/Documents/test/greg_results/gt/135_.kern, /Users/gregc/Documents/test/greg_results/pred/135_.kern, 328, 275, 381, 0.6318407960199005
/Users/gregc/Documents/test/greg_results/gt/108_.kern, /Users/gregc/Documents/test/greg_results/pred/108_.kern, 230, 221, 435, 0.9645232815964523
/Users/gregc/Documents/test/greg_results/gt/524_.kern, /Users/gregc/Documents/test/greg_results/pred/524_.kern, 220, 238, 221, 0.48253275109170307
/Users/gregc/Documents/test/greg_results/gt/209_.kern, /Users/gregc/Documents/test/greg_results/pred/209_.kern, 223, 222, 371, 0.8337078651685393
/Users/gregc/Documents/test/greg_results/gt/439_.kern, /Users/gregc/Documents/test/greg_results/pred/439_.kern, 170, 134, 232, 0.7631578947368421
/Users/gregc/Documents/test/greg_results/gt/1_.kern, /Users/gregc/Documents/test/greg_results/pred/1_.kern, 222, 169, 296, 0.7570332480818415
/Users/gregc/Documents/test/greg_results/gt/314_.kern, /Users/gregc/Documents/test/greg_results/pred/314_.kern, 98, 101, 131, 0.6582914572864321
/Users/gregc/Documents/test/greg_results/gt/351_.kern, /Users/gregc/Documents/test/greg_results/pred/351_.kern, 381, 338, 432, 0.6008344923504868
/Users/gregc/Documents/test/greg_results/gt/526_.kern, /Users/gregc/Documents/test/greg_results/pred/526_.kern, 215, 207, 274, 0.6492890995260664
/Users/gregc/Documents/test/greg_results/gt/58_.kern, /Users/gregc/Documents/test/greg_results/pred/58_.kern, 245, 246, 64, 0.13034623217922606
/Users/gregc/Documents/test/greg_results/gt/483_.kern, /Users/gregc/Documents/test/greg_results/pred/483_.kern, 102, 127, 107, 0.4672489082969432
/Users/gregc/Documents/test/greg_results/gt/3_.kern, /Users/gregc/Documents/test/greg_results/pred/3_.kern, 213, 198, 309, 0.7518248175182481
/Users/gregc/Documents/test/greg_results/gt/316_.kern, /Users/gregc/Documents/test/greg_results/pred/316_.kern, 222, 218, 178, 0.40454545454545454
/Users/gregc/Documents/test/greg_results/gt/353_.kern, /Users/gregc/Documents/test/greg_results/pred/353_.kern, 249, 241, 192, 0.39183673469387753
/Users/gregc/Documents/test/greg_results/gt/406_.kern, /Users/gregc/Documents/test/greg_results/pred/406_.kern, 330, 307, 447, 0.7017268445839875
/Users/gregc/Documents/test/greg_results/gt/443_.kern, /Users/gregc/Documents/test/greg_results/pred/443_.kern, 317, 299, 76, 0.12337662337662338
/Users/gregc/Documents/test/greg_results/gt/393_.kern, /Users/gregc/Documents/test/greg_results/pred/393_.kern, 203, 194, 128, 0.3224181360201511
/Users/gregc/Documents/test/greg_results/gt/137_.kern, /Users/gregc/Documents/test/greg_results/pred/137_.kern, 283, 80, 312, 0.859504132231405
/Users/gregc/Documents/test/greg_results/gt/65_.kern, /Users/gregc/Documents/test/greg_results/pred/65_.kern, 329, 230, 326, 0.5831842576028623
/Users/gregc/Documents/test/greg_results/gt/20_.kern, /Users/gregc/Documents/test/greg_results/pred/20_.kern, 277, 243, 426, 0.8192307692307692
/Users/gregc/Documents/test/greg_results/gt/273_.kern, /Users/gregc/Documents/test/greg_results/pred/273_.kern, 218, 203, 247, 0.5866983372921615
/Users/gregc/Documents/test/greg_results/gt/236_.kern, /Users/gregc/Documents/test/greg_results/pred/236_.kern, 131, 149, 194, 0.6928571428571428
/Users/gregc/Documents/test/greg_results/gt/98_.kern, /Users/gregc/Documents/test/greg_results/pred/98_.kern, 160, 172, 274, 0.8253012048192772
/Users/gregc/Documents/test/greg_results/gt/422_.kern, /Users/gregc/Documents/test/greg_results/pred/422_.kern, 193, 197, 277, 0.7102564102564103
/Users/gregc/Documents/test/greg_results/gt/257_.kern, /Users/gregc/Documents/test/greg_results/pred/257_.kern, 191, 214, 286, 0.7061728395061728
/Users/gregc/Documents/test/greg_results/gt/212_.kern, /Users/gregc/Documents/test/greg_results/pred/212_.kern, 212, 212, 9, 0.02122641509433962
/Users/gregc/Documents/test/greg_results/gt/41_.kern, /Users/gregc/Documents/test/greg_results/pred/41_.kern, 159, 146, 207, 0.6786885245901639
/Users/gregc/Documents/test/greg_results/gt/156_.kern, /Users/gregc/Documents/test/greg_results/pred/156_.kern, 280, 265, 286, 0.5247706422018349
/Users/gregc/Documents/test/greg_results/gt/113_.kern, /Users/gregc/Documents/test/greg_results/pred/113_.kern, 198, 201, 189, 0.47368421052631576
/Users/gregc/Documents/test/greg_results/gt/39_.kern, /Users/gregc/Documents/test/greg_results/pred/39_.kern, 296, 282, 117, 0.20242214532871972
/Users/gregc/Documents/test/greg_results/gt/297_.kern, /Users/gregc/Documents/test/greg_results/pred/297_.kern, 178, 177, 237, 0.6676056338028169
/Users/gregc/Documents/test/greg_results/gt/196_.kern, /Users/gregc/Documents/test/greg_results/pred/196_.kern, 341, 340, 457, 0.671071953010279
/Users/gregc/Documents/test/greg_results/gt/502_.kern, /Users/gregc/Documents/test/greg_results/pred/502_.kern, 161, 119, 204, 0.7285714285714285
/Users/gregc/Documents/test/greg_results/gt/332_.kern, /Users/gregc/Documents/test/greg_results/pred/332_.kern, 252, 261, 305, 0.594541910331384
/Users/gregc/Documents/test/greg_results/gt/377_.kern, /Users/gregc/Documents/test/greg_results/pred/377_.kern, 181, 235, 306, 0.7355769230769231
/Users/gregc/Documents/test/greg_results/gt/521_.kern, /Users/gregc/Documents/test/greg_results/pred/521_.kern, 307, 309, 366, 0.5941558441558441
/Users/gregc/Documents/test/greg_results/gt/249_.kern, /Users/gregc/Documents/test/greg_results/pred/249_.kern, 347, 350, 264, 0.3787661406025825
/Users/gregc/Documents/test/greg_results/gt/148_.kern, /Users/gregc/Documents/test/greg_results/pred/148_.kern, 235, 204, 241, 0.5489749430523918
/Users/gregc/Documents/test/greg_results/gt/484_.kern, /Users/gregc/Documents/test/greg_results/pred/484_.kern, 401, 355, 513, 0.6785714285714286
/Users/gregc/Documents/test/greg_results/gt/479_.kern, /Users/gregc/Documents/test/greg_results/pred/479_.kern, 210, 213, 285, 0.6737588652482269
/Users/gregc/Documents/test/greg_results/gt/4_.kern, /Users/gregc/Documents/test/greg_results/pred/4_.kern, 282, 302, 469, 0.803082191780822
/Users/gregc/Documents/test/greg_results/gt/354_.kern, /Users/gregc/Documents/test/greg_results/pred/354_.kern, 189, 199, 238, 0.6134020618556701
/Users/gregc/Documents/test/greg_results/gt/311_.kern, /Users/gregc/Documents/test/greg_results/pred/311_.kern, 202, 176, 314, 0.8306878306878307
/Users/gregc/Documents/test/greg_results/gt/444_.kern, /Users/gregc/Documents/test/greg_results/pred/444_.kern, 312, 270, 452, 0.7766323024054983
/Users/gregc/Documents/test/greg_results/gt/394_.kern, /Users/gregc/Documents/test/greg_results/pred/394_.kern, 253, 171, 311, 0.7334905660377359
/Users/gregc/Documents/test/greg_results/gt/27_.kern, /Users/gregc/Documents/test/greg_results/pred/27_.kern, 216, 212, 220, 0.514018691588785
/Users/gregc/Documents/test/greg_results/gt/289_.kern, /Users/gregc/Documents/test/greg_results/pred/289_.kern, 146, 115, 157, 0.6015325670498084
/Users/gregc/Documents/test/greg_results/gt/62_.kern, /Users/gregc/Documents/test/greg_results/pred/62_.kern, 371, 287, 435, 0.6610942249240122
/Users/gregc/Documents/test/greg_results/gt/130_.kern, /Users/gregc/Documents/test/greg_results/pred/130_.kern, 342, 338, 565, 0.8308823529411765
/Users/gregc/Documents/test/greg_results/gt/175_.kern, /Users/gregc/Documents/test/greg_results/pred/175_.kern, 777, 623, 1290, 0.9214285714285714
/Users/gregc/Documents/test/greg_results/gt/188_.kern, /Users/gregc/Documents/test/greg_results/pred/188_.kern, 542, 476, 914, 0.8978388998035364
/Users/gregc/Documents/test/greg_results/gt/231_.kern, /Users/gregc/Documents/test/greg_results/pred/231_.kern, 247, 263, 330, 0.6470588235294118
/Users/gregc/Documents/test/greg_results/gt/274_.kern, /Users/gregc/Documents/test/greg_results/pred/274_.kern, 218, 190, 344, 0.8431372549019608
/Users/gregc/Documents/test/greg_results/gt/308_.kern, /Users/gregc/Documents/test/greg_results/pred/308_.kern, 220, 184, 315, 0.7797029702970297
/Users/gregc/Documents/test/greg_results/gt/460_.kern, /Users/gregc/Documents/test/greg_results/pred/460_.kern, 359, 355, 50, 0.0700280112044818
/Users/gregc/Documents/test/greg_results/gt/425_.kern, /Users/gregc/Documents/test/greg_results/pred/425_.kern, 197, 191, 175, 0.45103092783505155
/Users/gregc/Documents/test/greg_results/gt/250_.kern, /Users/gregc/Documents/test/greg_results/pred/250_.kern, 223, 214, 313, 0.7162471395881007
/Users/gregc/Documents/test/greg_results/gt/114_.kern, /Users/gregc/Documents/test/greg_results/pred/114_.kern, 271, 272, 483, 0.8895027624309392
/Users/gregc/Documents/test/greg_results/gt/46_.kern, /Users/gregc/Documents/test/greg_results/pred/46_.kern, 404, 394, 472, 0.5914786967418546
/Users/gregc/Documents/test/greg_results/gt/129_.kern, /Users/gregc/Documents/test/greg_results/pred/129_.kern, 371, 364, 526, 0.7156462585034014
/Users/gregc/Documents/test/greg_results/gt/228_.kern, /Users/gregc/Documents/test/greg_results/pred/228_.kern, 352, 353, 359, 0.5092198581560283
/Users/gregc/Documents/test/greg_results/gt/86_.kern, /Users/gregc/Documents/test/greg_results/pred/86_.kern, 177, 181, 118, 0.329608938547486
/Users/gregc/Documents/test/greg_results/gt/505_.kern, /Users/gregc/Documents/test/greg_results/pred/505_.kern, 345, 293, 476, 0.7460815047021944
/Users/gregc/Documents/test/greg_results/gt/370_.kern, /Users/gregc/Documents/test/greg_results/pred/370_.kern, 410, 272, 603, 0.8841642228739003
/Users/gregc/Documents/test/greg_results/gt/418_.kern, /Users/gregc/Documents/test/greg_results/pred/418_.kern, 225, 223, 77, 0.171875
/Users/gregc/Documents/test/greg_results/gt/507_.kern, /Users/gregc/Documents/test/greg_results/pred/507_.kern, 354, 305, 164, 0.2488619119878604
/Users/gregc/Documents/test/greg_results/gt/84_.kern, /Users/gregc/Documents/test/greg_results/pred/84_.kern, 250, 246, 154, 0.31048387096774194
/Users/gregc/Documents/test/greg_results/gt/79_.kern, /Users/gregc/Documents/test/greg_results/pred/79_.kern, 151, 150, 170, 0.5647840531561462
/Users/gregc/Documents/test/greg_results/gt/372_.kern, /Users/gregc/Documents/test/greg_results/pred/372_.kern, 209, 185, 201, 0.5101522842639594
/Users/gregc/Documents/test/greg_results/gt/462_.kern, /Users/gregc/Documents/test/greg_results/pred/462_.kern, 355, 263, 430, 0.6957928802588996
/Users/gregc/Documents/test/greg_results/gt/427_.kern, /Users/gregc/Documents/test/greg_results/pred/427_.kern, 230, 192, 313, 0.7417061611374408
/Users/gregc/Documents/test/greg_results/gt/44_.kern, /Users/gregc/Documents/test/greg_results/pred/44_.kern, 322, 307, 542, 0.8616852146263911
/Users/gregc/Documents/test/greg_results/gt/116_.kern, /Users/gregc/Documents/test/greg_results/pred/116_.kern, 238, 227, 288, 0.6193548387096774
/Users/gregc/Documents/test/greg_results/gt/153_.kern, /Users/gregc/Documents/test/greg_results/pred/153_.kern, 174, 106, 192, 0.6857142857142857
/Users/gregc/Documents/test/greg_results/gt/217_.kern, /Users/gregc/Documents/test/greg_results/pred/217_.kern, 372, 209, 403, 0.693631669535284
/Users/gregc/Documents/test/greg_results/gt/252_.kern, /Users/gregc/Documents/test/greg_results/pred/252_.kern, 332, 276, 520, 0.8552631578947368
/Users/gregc/Documents/test/greg_results/gt/396_.kern, /Users/gregc/Documents/test/greg_results/pred/396_.kern, 415, 438, 378, 0.44314185228604924
/Users/gregc/Documents/test/greg_results/gt/446_.kern, /Users/gregc/Documents/test/greg_results/pred/446_.kern, 248, 154, 230, 0.572139303482587
/Users/gregc/Documents/test/greg_results/gt/403_.kern, /Users/gregc/Documents/test/greg_results/pred/403_.kern, 207, 236, 279, 0.6297968397291196
/Users/gregc/Documents/test/greg_results/gt/233_.kern, /Users/gregc/Documents/test/greg_results/pred/233_.kern, 307, 194, 453, 0.9041916167664671
/Users/gregc/Documents/test/greg_results/gt/276_.kern, /Users/gregc/Documents/test/greg_results/pred/276_.kern, 207, 210, 323, 0.7745803357314148
/Users/gregc/Documents/test/greg_results/gt/132_.kern, /Users/gregc/Documents/test/greg_results/pred/132_.kern, 331, 318, 544, 0.8382126348228043
/Users/gregc/Documents/test/greg_results/gt/177_.kern, /Users/gregc/Documents/test/greg_results/pred/177_.kern, 370, 309, 579, 0.8527245949926362
/Users/gregc/Documents/test/greg_results/gt/60_.kern, /Users/gregc/Documents/test/greg_results/pred/60_.kern, 249, 225, 282, 0.5949367088607594
/Users/gregc/Documents/test/greg_results/gt/6_.kern, /Users/gregc/Documents/test/greg_results/pred/6_.kern, 132, 128, 171, 0.6576923076923077
/Users/gregc/Documents/test/greg_results/gt/356_.kern, /Users/gregc/Documents/test/greg_results/pred/356_.kern, 413, 137, 516, 0.9381818181818182
/Users/gregc/Documents/test/greg_results/gt/313_.kern, /Users/gregc/Documents/test/greg_results/pred/313_.kern, 145, 155, 196, 0.6533333333333333
/Users/gregc/Documents/test/greg_results/gt/486_.kern, /Users/gregc/Documents/test/greg_results/pred/486_.kern, 413, 334, 461, 0.6171352074966533
/Users/gregc/Documents/test/greg_results/gt/136_.kern, /Users/gregc/Documents/test/greg_results/pred/136_.kern, 195, 188, 317, 0.8276762402088773
/Users/gregc/Documents/test/greg_results/gt/21_.kern, /Users/gregc/Documents/test/greg_results/pred/21_.kern, 419, 421, 676, 0.8047619047619048
/Users/gregc/Documents/test/greg_results/gt/99_.kern, /Users/gregc/Documents/test/greg_results/pred/99_.kern, 355, 339, 252, 0.3631123919308357
/Users/gregc/Documents/test/greg_results/gt/237_.kern, /Users/gregc/Documents/test/greg_results/pred/237_.kern, 289, 232, 427, 0.8195777351247601
/Users/gregc/Documents/test/greg_results/gt/272_.kern, /Users/gregc/Documents/test/greg_results/pred/272_.kern, 255, 251, 228, 0.4505928853754941
/Users/gregc/Documents/test/greg_results/gt/407_.kern, /Users/gregc/Documents/test/greg_results/pred/407_.kern, 220, 205, 264, 0.6211764705882353
/Users/gregc/Documents/test/greg_results/gt/392_.kern, /Users/gregc/Documents/test/greg_results/pred/392_.kern, 275, 275, 6, 0.01090909090909091
/Users/gregc/Documents/test/greg_results/gt/482_.kern, /Users/gregc/Documents/test/greg_results/pred/482_.kern, 352, 302, 511, 0.7813455657492355
/Users/gregc/Documents/test/greg_results/gt/352_.kern, /Users/gregc/Documents/test/greg_results/pred/352_.kern, 184, 243, 264, 0.6182669789227166
/Users/gregc/Documents/test/greg_results/gt/317_.kern, /Users/gregc/Documents/test/greg_results/pred/317_.kern, 142, 130, 165, 0.6066176470588235
/Users/gregc/Documents/test/greg_results/gt/527_.kern, /Users/gregc/Documents/test/greg_results/pred/527_.kern, 137, 133, 199, 0.737037037037037
/Users/gregc/Documents/test/greg_results/gt/59_.kern, /Users/gregc/Documents/test/greg_results/pred/59_.kern, 384, 386, 732, 0.9506493506493506
/Users/gregc/Documents/test/greg_results/gt/333_.kern, /Users/gregc/Documents/test/greg_results/pred/333_.kern, 270, 272, 344, 0.6346863468634686
/Users/gregc/Documents/test/greg_results/gt/296_.kern, /Users/gregc/Documents/test/greg_results/pred/296_.kern, 138, 127, 202, 0.7622641509433963
/Users/gregc/Documents/test/greg_results/gt/38_.kern, /Users/gregc/Documents/test/greg_results/pred/38_.kern, 378, 340, 376, 0.5236768802228412
/Users/gregc/Documents/test/greg_results/gt/503_.kern, /Users/gregc/Documents/test/greg_results/pred/503_.kern, 343, 333, 261, 0.386094674556213
/Users/gregc/Documents/test/greg_results/gt/197_.kern, /Users/gregc/Documents/test/greg_results/pred/197_.kern, 332, 347, 474, 0.6980854197349042
/Users/gregc/Documents/test/greg_results/gt/80_.kern, /Users/gregc/Documents/test/greg_results/pred/80_.kern, 359, 344, 422, 0.6002844950213371
/Users/gregc/Documents/test/greg_results/gt/213_.kern, /Users/gregc/Documents/test/greg_results/pred/213_.kern, 246, 283, 269, 0.5085066162570888
/Users/gregc/Documents/test/greg_results/gt/256_.kern, /Users/gregc/Documents/test/greg_results/pred/256_.kern, 163, 134, 212, 0.7138047138047138
/Users/gregc/Documents/test/greg_results/gt/40_.kern, /Users/gregc/Documents/test/greg_results/pred/40_.kern, 145, 175, 257, 0.803125
/Users/gregc/Documents/test/greg_results/gt/157_.kern, /Users/gregc/Documents/test/greg_results/pred/157_.kern, 277, 200, 388, 0.8134171907756813
/Users/gregc/Documents/test/greg_results/gt/423_.kern, /Users/gregc/Documents/test/greg_results/pred/423_.kern, 186, 171, 234, 0.6554621848739496
/Users/gregc/Documents/test/greg_results/gt/110_.kern, /Users/gregc/Documents/test/greg_results/pred/110_.kern, 304, 248, 475, 0.8605072463768116
/Users/gregc/Documents/test/greg_results/gt/155_.kern, /Users/gregc/Documents/test/greg_results/pred/155_.kern, 318, 252, 388, 0.6807017543859649
/Users/gregc/Documents/test/greg_results/gt/42_.kern, /Users/gregc/Documents/test/greg_results/pred/42_.kern, 292, 207, 266, 0.533066132264529
/Users/gregc/Documents/test/greg_results/gt/349_.kern, /Users/gregc/Documents/test/greg_results/pred/349_.kern, 350, 295, 487, 0.7550387596899225
/Users/gregc/Documents/test/greg_results/gt/464_.kern, /Users/gregc/Documents/test/greg_results/pred/464_.kern, 355, 287, 510, 0.794392523364486
/Users/gregc/Documents/test/greg_results/gt/499_.kern, /Users/gregc/Documents/test/greg_results/pred/499_.kern, 304, 283, 474, 0.807495741056218
/Users/gregc/Documents/test/greg_results/gt/389_.kern, /Users/gregc/Documents/test/greg_results/pred/389_.kern, 315, 243, 447, 0.8010752688172043
/Users/gregc/Documents/test/greg_results/gt/374_.kern, /Users/gregc/Documents/test/greg_results/pred/374_.kern, 260, 205, 342, 0.7354838709677419
/Users/gregc/Documents/test/greg_results/gt/331_.kern, /Users/gregc/Documents/test/greg_results/pred/331_.kern, 319, 322, 103, 0.1606864274570983
/Users/gregc/Documents/test/greg_results/gt/459_.kern, /Users/gregc/Documents/test/greg_results/pred/459_.kern, 236, 194, 309, 0.7186046511627907
/Users/gregc/Documents/test/greg_results/gt/195_.kern, /Users/gregc/Documents/test/greg_results/pred/195_.kern, 216, 206, 265, 0.6279620853080569
/Users/gregc/Documents/test/greg_results/gt/168_.kern, /Users/gregc/Documents/test/greg_results/pred/168_.kern, 226, 225, 235, 0.5210643015521065
/Users/gregc/Documents/test/greg_results/gt/294_.kern, /Users/gregc/Documents/test/greg_results/pred/294_.kern, 263, 208, 74, 0.15711252653927812
/Users/gregc/Documents/test/greg_results/gt/438_.kern, /Users/gregc/Documents/test/greg_results/pred/438_.kern, 269, 218, 403, 0.8275154004106776
/Users/gregc/Documents/test/greg_results/gt/0_.kern, /Users/gregc/Documents/test/greg_results/pred/0_.kern, 256, 248, 360, 0.7142857142857143
/Users/gregc/Documents/test/greg_results/gt/350_.kern, /Users/gregc/Documents/test/greg_results/pred/350_.kern, 319, 317, 6, 0.009433962264150943
/Users/gregc/Documents/test/greg_results/gt/315_.kern, /Users/gregc/Documents/test/greg_results/pred/315_.kern, 165, 164, 99, 0.3009118541033435
/Users/gregc/Documents/test/greg_results/gt/480_.kern, /Users/gregc/Documents/test/greg_results/pred/480_.kern, 406, 395, 488, 0.6092384519350812
/Users/gregc/Documents/test/greg_results/gt/109_.kern, /Users/gregc/Documents/test/greg_results/pred/109_.kern, 162, 120, 187, 0.6631205673758865
/Users/gregc/Documents/test/greg_results/gt/525_.kern, /Users/gregc/Documents/test/greg_results/pred/525_.kern, 223, 198, 211, 0.501187648456057
/Users/gregc/Documents/test/greg_results/gt/208_.kern, /Users/gregc/Documents/test/greg_results/pred/208_.kern, 289, 238, 283, 0.5370018975332068
/Users/gregc/Documents/test/greg_results/gt/235_.kern, /Users/gregc/Documents/test/greg_results/pred/235_.kern, 175, 181, 205, 0.5758426966292135
/Users/gregc/Documents/test/greg_results/gt/270_.kern, /Users/gregc/Documents/test/greg_results/pred/270_.kern, 155, 164, 162, 0.5078369905956113
/Users/gregc/Documents/test/greg_results/gt/23_.kern, /Users/gregc/Documents/test/greg_results/pred/23_.kern, 170, 143, 229, 0.731629392971246
/Users/gregc/Documents/test/greg_results/gt/66_.kern, /Users/gregc/Documents/test/greg_results/pred/66_.kern, 261, 221, 410, 0.8506224066390041
/Users/gregc/Documents/test/greg_results/gt/134_.kern, /Users/gregc/Documents/test/greg_results/pred/134_.kern, 178, 172, 168, 0.48
/Users/gregc/Documents/test/greg_results/gt/171_.kern, /Users/gregc/Documents/test/greg_results/pred/171_.kern, 243, 204, 333, 0.7449664429530202
/Users/gregc/Documents/test/greg_results/gt/390_.kern, /Users/gregc/Documents/test/greg_results/pred/390_.kern, 253, 249, 393, 0.7828685258964143
/Users/gregc/Documents/test/greg_results/gt/440_.kern, /Users/gregc/Documents/test/greg_results/pred/440_.kern, 286, 272, 525, 0.9408602150537635
/Users/gregc/Documents/test/greg_results/gt/328_.kern, /Users/gregc/Documents/test/greg_results/pred/328_.kern, 143, 137, 125, 0.44642857142857145
/Users/gregc/Documents/test/greg_results/gt/97_.kern, /Users/gregc/Documents/test/greg_results/pred/97_.kern, 179, 121, 221, 0.7366666666666667
/Users/gregc/Documents/test/greg_results/gt/239_.kern, /Users/gregc/Documents/test/greg_results/pred/239_.kern, 340, 378, 637, 0.8871866295264624
/Users/gregc/Documents/test/greg_results/gt/180_.kern, /Users/gregc/Documents/test/greg_results/pred/180_.kern, 160, 174, 171, 0.5119760479041916
/Users/gregc/Documents/test/greg_results/gt/514_.kern, /Users/gregc/Documents/test/greg_results/pred/514_.kern, 251, 235, 209, 0.43004115226337447
/Users/gregc/Documents/test/greg_results/gt/138_.kern, /Users/gregc/Documents/test/greg_results/pred/138_.kern, 240, 206, 269, 0.6031390134529148
/Users/gregc/Documents/test/greg_results/gt/281_.kern, /Users/gregc/Documents/test/greg_results/pred/281_.kern, 292, 298, 343, 0.5813559322033899
/Users/gregc/Documents/test/greg_results/gt/324_.kern, /Users/gregc/Documents/test/greg_results/pred/324_.kern, 191, 137, 253, 0.7713414634146342
/Users/gregc/Documents/test/greg_results/gt/361_.kern, /Users/gregc/Documents/test/greg_results/pred/361_.kern, 224, 162, 210, 0.5440414507772021
/Users/gregc/Documents/test/greg_results/gt/319_.kern, /Users/gregc/Documents/test/greg_results/pred/319_.kern, 198, 192, 56, 0.14358974358974358
/Users/gregc/Documents/test/greg_results/gt/434_.kern, /Users/gregc/Documents/test/greg_results/pred/434_.kern, 291, 267, 490, 0.8781362007168458
/Users/gregc/Documents/test/greg_results/gt/471_.kern, /Users/gregc/Documents/test/greg_results/pred/471_.kern, 367, 360, 115, 0.15818431911966988
/Users/gregc/Documents/test/greg_results/gt/140_.kern, /Users/gregc/Documents/test/greg_results/pred/140_.kern, 257, 134, 318, 0.8132992327365729
/Users/gregc/Documents/test/greg_results/gt/105_.kern, /Users/gregc/Documents/test/greg_results/pred/105_.kern, 319, 319, 5, 0.007836990595611285
/Users/gregc/Documents/test/greg_results/gt/57_.kern, /Users/gregc/Documents/test/greg_results/pred/57_.kern, 193, 186, 219, 0.5778364116094987
/Users/gregc/Documents/test/greg_results/gt/12_.kern, /Users/gregc/Documents/test/greg_results/pred/12_.kern, 137, 128, 199, 0.7509433962264151
/Users/gregc/Documents/test/greg_results/gt/241_.kern, /Users/gregc/Documents/test/greg_results/pred/241_.kern, 491, 478, 890, 0.9184726522187823
/Users/gregc/Documents/test/greg_results/gt/204_.kern, /Users/gregc/Documents/test/greg_results/pred/204_.kern, 245, 237, 137, 0.2842323651452282
/Users/gregc/Documents/test/greg_results/gt/385_.kern, /Users/gregc/Documents/test/greg_results/pred/385_.kern, 206, 193, 212, 0.531328320802005
/Users/gregc/Documents/test/greg_results/gt/410_.kern, /Users/gregc/Documents/test/greg_results/pred/410_.kern, 302, 274, 231, 0.4010416666666667
/Users/gregc/Documents/test/greg_results/gt/455_.kern, /Users/gregc/Documents/test/greg_results/pred/455_.kern, 202, 165, 279, 0.7602179836512262
/Users/gregc/Documents/test/greg_results/gt/378_.kern, /Users/gregc/Documents/test/greg_results/pred/378_.kern, 394, 380, 363, 0.4689922480620155
/Users/gregc/Documents/test/greg_results/gt/199_.kern, /Users/gregc/Documents/test/greg_results/pred/199_.kern, 142, 151, 197, 0.6723549488054608
/Users/gregc/Documents/test/greg_results/gt/265_.kern, /Users/gregc/Documents/test/greg_results/pred/265_.kern, 231, 214, 252, 0.5662921348314607
/Users/gregc/Documents/test/greg_results/gt/220_.kern, /Users/gregc/Documents/test/greg_results/pred/220_.kern, 821, 381, 1106, 0.9201331114808652
/Users/gregc/Documents/test/greg_results/gt/73_.kern, /Users/gregc/Documents/test/greg_results/pred/73_.kern, 313, 281, 546, 0.9191919191919192
/Users/gregc/Documents/test/greg_results/gt/298_.kern, /Users/gregc/Documents/test/greg_results/pred/298_.kern, 280, 217, 307, 0.6177062374245473
/Users/gregc/Documents/test/greg_results/gt/164_.kern, /Users/gregc/Documents/test/greg_results/pred/164_.kern, 191, 39, 201, 0.8739130434782608
/Users/gregc/Documents/test/greg_results/gt/121_.kern, /Users/gregc/Documents/test/greg_results/pred/121_.kern, 274, 175, 296, 0.6592427616926503
/Users/gregc/Documents/test/greg_results/gt/530_.kern, /Users/gregc/Documents/test/greg_results/pred/530_.kern, 428, 448, 518, 0.591324200913242
/Users/gregc/Documents/test/greg_results/gt/258_.kern, /Users/gregc/Documents/test/greg_results/pred/258_.kern, 269, 0, 269, 1.0
/Users/gregc/Documents/test/greg_results/gt/468_.kern, /Users/gregc/Documents/test/greg_results/pred/468_.kern, 355, 260, 595, 0.967479674796748
/Users/gregc/Documents/test/greg_results/gt/345_.kern, /Users/gregc/Documents/test/greg_results/pred/345_.kern, 415, 381, 607, 0.7625628140703518
/Users/gregc/Documents/test/greg_results/gt/532_.kern, /Users/gregc/Documents/test/greg_results/pred/532_.kern, 213, 203, 223, 0.5360576923076923
/Users/gregc/Documents/test/greg_results/gt/497_.kern, /Users/gregc/Documents/test/greg_results/pred/497_.kern, 228, 219, 85, 0.19015659955257272
/Users/gregc/Documents/test/greg_results/gt/302_.kern, /Users/gregc/Documents/test/greg_results/pred/302_.kern, 253, 220, 329, 0.6955602536997886
/Users/gregc/Documents/test/greg_results/gt/412_.kern, /Users/gregc/Documents/test/greg_results/pred/412_.kern, 186, 174, 156, 0.43333333333333335
/Users/gregc/Documents/test/greg_results/gt/457_.kern, /Users/gregc/Documents/test/greg_results/pred/457_.kern, 311, 305, 461, 0.7483766233766234
/Users/gregc/Documents/test/greg_results/gt/123_.kern, /Users/gregc/Documents/test/greg_results/pred/123_.kern, 366, 294, 537, 0.8136363636363636
/Users/gregc/Documents/test/greg_results/gt/71_.kern, /Users/gregc/Documents/test/greg_results/pred/71_.kern, 356, 374, 607, 0.8315068493150685
/Users/gregc/Documents/test/greg_results/gt/267_.kern, /Users/gregc/Documents/test/greg_results/pred/267_.kern, 245, 187, 349, 0.8078703703703703
/Users/gregc/Documents/test/greg_results/gt/222_.kern, /Users/gregc/Documents/test/greg_results/pred/222_.kern, 279, 279, 34, 0.06093189964157706
/Users/gregc/Documents/test/greg_results/gt/436_.kern, /Users/gregc/Documents/test/greg_results/pred/436_.kern, 297, 241, 395, 0.7342007434944238
/Users/gregc/Documents/test/greg_results/gt/473_.kern, /Users/gregc/Documents/test/greg_results/pred/473_.kern, 308, 312, 324, 0.5225806451612903
/Users/gregc/Documents/test/greg_results/gt/243_.kern, /Users/gregc/Documents/test/greg_results/pred/243_.kern, 226, 133, 283, 0.7883008356545961
/Users/gregc/Documents/test/greg_results/gt/206_.kern, /Users/gregc/Documents/test/greg_results/pred/206_.kern, 325, 325, 395, 0.6076923076923076
/Users/gregc/Documents/test/greg_results/gt/55_.kern, /Users/gregc/Documents/test/greg_results/pred/55_.kern, 319, 140, 424, 0.9237472766884531
/Users/gregc/Documents/test/greg_results/gt/10_.kern, /Users/gregc/Documents/test/greg_results/pred/10_.kern, 289, 242, 221, 0.416195856873823
/Users/gregc/Documents/test/greg_results/gt/142_.kern, /Users/gregc/Documents/test/greg_results/pred/142_.kern, 154, 160, 126, 0.4012738853503185
/Users/gregc/Documents/test/greg_results/gt/107_.kern, /Users/gregc/Documents/test/greg_results/pred/107_.kern, 178, 158, 226, 0.6726190476190477
/Users/gregc/Documents/test/greg_results/gt/283_.kern, /Users/gregc/Documents/test/greg_results/pred/283_.kern, 485, 404, 627, 0.7052868391451068
/Users/gregc/Documents/test/greg_results/gt/68_.kern, /Users/gregc/Documents/test/greg_results/pred/68_.kern, 216, 41, 236, 0.9182879377431906
/Users/gregc/Documents/test/greg_results/gt/182_.kern, /Users/gregc/Documents/test/greg_results/pred/182_.kern, 283, 205, 406, 0.8319672131147541
/Users/gregc/Documents/test/greg_results/gt/95_.kern, /Users/gregc/Documents/test/greg_results/pred/95_.kern, 248, 244, 416, 0.8455284552845529
/Users/gregc/Documents/test/greg_results/gt/326_.kern, /Users/gregc/Documents/test/greg_results/pred/326_.kern, 288, 236, 274, 0.5229007633587787
/Users/gregc/Documents/test/greg_results/gt/363_.kern, /Users/gregc/Documents/test/greg_results/pred/363_.kern, 174, 124, 238, 0.7986577181208053
/Users/gregc/Documents/test/greg_results/gt/51_.kern, /Users/gregc/Documents/test/greg_results/pred/51_.kern, 213, 181, 272, 0.6903553299492385
/Users/gregc/Documents/test/greg_results/gt/14_.kern, /Users/gregc/Documents/test/greg_results/pred/14_.kern, 262, 258, 502, 0.9653846153846154
/Users/gregc/Documents/test/greg_results/gt/146_.kern, /Users/gregc/Documents/test/greg_results/pred/146_.kern, 370, 350, 462, 0.6416666666666667
/Users/gregc/Documents/test/greg_results/gt/103_.kern, /Users/gregc/Documents/test/greg_results/pred/103_.kern, 233, 213, 276, 0.6188340807174888
/Users/gregc/Documents/test/greg_results/gt/247_.kern, /Users/gregc/Documents/test/greg_results/pred/247_.kern, 364, 367, 513, 0.7017783857729138
/Users/gregc/Documents/test/greg_results/gt/202_.kern, /Users/gregc/Documents/test/greg_results/pred/202_.kern, 263, 157, 334, 0.7952380952380952
/Users/gregc/Documents/test/greg_results/gt/432_.kern, /Users/gregc/Documents/test/greg_results/pred/432_.kern, 128, 107, 171, 0.7276595744680852
/Users/gregc/Documents/test/greg_results/gt/477_.kern, /Users/gregc/Documents/test/greg_results/pred/477_.kern, 260, 243, 195, 0.38767395626242546
/Users/gregc/Documents/test/greg_results/gt/322_.kern, /Users/gregc/Documents/test/greg_results/pred/322_.kern, 369, 225, 453, 0.7626262626262627
/Users/gregc/Documents/test/greg_results/gt/367_.kern, /Users/gregc/Documents/test/greg_results/pred/367_.kern, 369, 274, 577, 0.8973561430793157
/Users/gregc/Documents/test/greg_results/gt/186_.kern, /Users/gregc/Documents/test/greg_results/pred/186_.kern, 228, 199, 266, 0.6229508196721312
/Users/gregc/Documents/test/greg_results/gt/512_.kern, /Users/gregc/Documents/test/greg_results/pred/512_.kern, 462, 0, 462, 1.0
/Users/gregc/Documents/test/greg_results/gt/91_.kern, /Users/gregc/Documents/test/greg_results/pred/91_.kern, 298, 294, 576, 0.972972972972973
/Users/gregc/Documents/test/greg_results/gt/29_.kern, /Users/gregc/Documents/test/greg_results/pred/29_.kern, 218, 225, 221, 0.49887133182844245
/Users/gregc/Documents/test/greg_results/gt/287_.kern, /Users/gregc/Documents/test/greg_results/pred/287_.kern, 245, 235, 102, 0.2125
/Users/gregc/Documents/test/greg_results/gt/493_.kern, /Users/gregc/Documents/test/greg_results/pred/493_.kern, 246, 99, 293, 0.8492753623188406
/Users/gregc/Documents/test/greg_results/gt/48_.kern, /Users/gregc/Documents/test/greg_results/pred/48_.kern, 167, 177, 204, 0.5930232558139535
/Users/gregc/Documents/test/greg_results/gt/536_.kern, /Users/gregc/Documents/test/greg_results/pred/536_.kern, 395, 349, 192, 0.25806451612903225
/Users/gregc/Documents/test/greg_results/gt/263_.kern, /Users/gregc/Documents/test/greg_results/pred/263_.kern, 198, 205, 178, 0.44168734491315137
/Users/gregc/Documents/test/greg_results/gt/226_.kern, /Users/gregc/Documents/test/greg_results/pred/226_.kern, 330, 302, 465, 0.7357594936708861
/Users/gregc/Documents/test/greg_results/gt/127_.kern, /Users/gregc/Documents/test/greg_results/pred/127_.kern, 213, 210, 148, 0.34988179669030733
/Users/gregc/Documents/test/greg_results/gt/75_.kern, /Users/gregc/Documents/test/greg_results/pred/75_.kern, 447, 218, 626, 0.9413533834586466
/Users/gregc/Documents/test/greg_results/gt/30_.kern, /Users/gregc/Documents/test/greg_results/pred/30_.kern, 421, 375, 532, 0.6683417085427136
/Users/gregc/Documents/test/greg_results/gt/383_.kern, /Users/gregc/Documents/test/greg_results/pred/383_.kern, 128, 154, 154, 0.5460992907801419
/Users/gregc/Documents/test/greg_results/gt/416_.kern, /Users/gregc/Documents/test/greg_results/pred/416_.kern, 409, 415, 605, 0.7342233009708737
/Users/gregc/Documents/test/greg_results/gt/77_.kern, /Users/gregc/Documents/test/greg_results/pred/77_.kern, 322, 251, 420, 0.7329842931937173
/Users/gregc/Documents/test/greg_results/gt/32_.kern, /Users/gregc/Documents/test/greg_results/pred/32_.kern, 257, 264, 431, 0.8272552783109405
/Users/gregc/Documents/test/greg_results/gt/160_.kern, /Users/gregc/Documents/test/greg_results/pred/160_.kern, 293, 266, 521, 0.9320214669051878
/Users/gregc/Documents/test/greg_results/gt/125_.kern, /Users/gregc/Documents/test/greg_results/pred/125_.kern, 258, 237, 457, 0.9232323232323232
/Users/gregc/Documents/test/greg_results/gt/509_.kern, /Users/gregc/Documents/test/greg_results/pred/509_.kern, 159, 147, 172, 0.5620915032679739
/Users/gregc/Documents/test/greg_results/gt/261_.kern, /Users/gregc/Documents/test/greg_results/pred/261_.kern, 318, 284, 465, 0.7724252491694352
/Users/gregc/Documents/test/greg_results/gt/224_.kern, /Users/gregc/Documents/test/greg_results/pred/224_.kern, 270, 253, 155, 0.29636711281070743
/Users/gregc/Documents/test/greg_results/gt/414_.kern, /Users/gregc/Documents/test/greg_results/pred/414_.kern, 200, 185, 205, 0.5324675324675324
/Users/gregc/Documents/test/greg_results/gt/451_.kern, /Users/gregc/Documents/test/greg_results/pred/451_.kern, 231, 225, 107, 0.23464912280701755
/Users/gregc/Documents/test/greg_results/gt/339_.kern, /Users/gregc/Documents/test/greg_results/pred/339_.kern, 257, 248, 308, 0.6099009900990099
/Users/gregc/Documents/test/greg_results/gt/381_.kern, /Users/gregc/Documents/test/greg_results/pred/381_.kern, 363, 332, 664, 0.9553956834532374
/Users/gregc/Documents/test/greg_results/gt/491_.kern, /Users/gregc/Documents/test/greg_results/pred/491_.kern, 218, 221, 122, 0.27790432801822323
/Users/gregc/Documents/test/greg_results/gt/429_.kern, /Users/gregc/Documents/test/greg_results/pred/429_.kern, 188, 175, 102, 0.2809917355371901
/Users/gregc/Documents/test/greg_results/gt/304_.kern, /Users/gregc/Documents/test/greg_results/pred/304_.kern, 258, 257, 179, 0.34757281553398056
/Users/gregc/Documents/test/greg_results/gt/534_.kern, /Users/gregc/Documents/test/greg_results/pred/534_.kern, 311, 311, 258, 0.41479099678456594
/Users/gregc/Documents/test/greg_results/gt/118_.kern, /Users/gregc/Documents/test/greg_results/pred/118_.kern, 275, 296, 465, 0.8143607705779334
/Users/gregc/Documents/test/greg_results/gt/320_.kern, /Users/gregc/Documents/test/greg_results/pred/320_.kern, 370, 306, 573, 0.8476331360946746
/Users/gregc/Documents/test/greg_results/gt/365_.kern, /Users/gregc/Documents/test/greg_results/pred/365_.kern, 192, 192, 66, 0.171875
/Users/gregc/Documents/test/greg_results/gt/448_.kern, /Users/gregc/Documents/test/greg_results/pred/448_.kern, 226, 200, 323, 0.7582159624413145
/Users/gregc/Documents/test/greg_results/gt/285_.kern, /Users/gregc/Documents/test/greg_results/pred/285_.kern, 239, 237, 279, 0.5861344537815126
/Users/gregc/Documents/test/greg_results/gt/93_.kern, /Users/gregc/Documents/test/greg_results/pred/93_.kern, 358, 0, 358, 1.0
/Users/gregc/Documents/test/greg_results/gt/184_.kern, /Users/gregc/Documents/test/greg_results/pred/184_.kern, 309, 180, 388, 0.7934560327198364
/Users/gregc/Documents/test/greg_results/gt/245_.kern, /Users/gregc/Documents/test/greg_results/pred/245_.kern, 251, 239, 240, 0.4897959183673469
/Users/gregc/Documents/test/greg_results/gt/200_.kern, /Users/gregc/Documents/test/greg_results/pred/200_.kern, 207, 183, 277, 0.7102564102564103
/Users/gregc/Documents/test/greg_results/gt/144_.kern, /Users/gregc/Documents/test/greg_results/pred/144_.kern, 365, 316, 549, 0.8061674008810573
/Users/gregc/Documents/test/greg_results/gt/16_.kern, /Users/gregc/Documents/test/greg_results/pred/16_.kern, 330, 292, 366, 0.5884244372990354
/Users/gregc/Documents/test/greg_results/gt/488_.kern, /Users/gregc/Documents/test/greg_results/pred/488_.kern, 342, 307, 581, 0.8952234206471494
/Users/gregc/Documents/test/greg_results/gt/358_.kern, /Users/gregc/Documents/test/greg_results/pred/358_.kern, 182, 156, 213, 0.6301775147928994
/Users/gregc/Documents/test/greg_results/gt/8_.kern, /Users/gregc/Documents/test/greg_results/pred/8_.kern, 146, 106, 207, 0.8214285714285714
/Users/gregc/Documents/test/greg_results/gt/430_.kern, /Users/gregc/Documents/test/greg_results/pred/430_.kern, 334, 297, 542, 0.8589540412044374
/Users/gregc/Documents/test/greg_results/gt/475_.kern, /Users/gregc/Documents/test/greg_results/pred/475_.kern, 256, 288, 460, 0.8455882352941176
/Users/gregc/Documents/test/greg_results/gt/122_.kern, /Users/gregc/Documents/test/greg_results/pred/122_.kern, 374, 356, 502, 0.6876712328767123
/Users/gregc/Documents/test/greg_results/gt/167_.kern, /Users/gregc/Documents/test/greg_results/pred/167_.kern, 263, 0, 263, 1.0
/Users/gregc/Documents/test/greg_results/gt/70_.kern, /Users/gregc/Documents/test/greg_results/pred/70_.kern, 374, 367, 478, 0.6450742240215924
/Users/gregc/Documents/test/greg_results/gt/223_.kern, /Users/gregc/Documents/test/greg_results/pred/223_.kern, 242, 217, 326, 0.710239651416122
/Users/gregc/Documents/test/greg_results/gt/266_.kern, /Users/gregc/Documents/test/greg_results/pred/266_.kern, 249, 199, 392, 0.875
/Users/gregc/Documents/test/greg_results/gt/456_.kern, /Users/gregc/Documents/test/greg_results/pred/456_.kern, 129, 145, 162, 0.5912408759124088
/Users/gregc/Documents/test/greg_results/gt/496_.kern, /Users/gregc/Documents/test/greg_results/pred/496_.kern, 316, 311, 274, 0.4370015948963317
/Users/gregc/Documents/test/greg_results/gt/346_.kern, /Users/gregc/Documents/test/greg_results/pred/346_.kern, 212, 184, 151, 0.3813131313131313
/Users/gregc/Documents/test/greg_results/gt/303_.kern, /Users/gregc/Documents/test/greg_results/pred/303_.kern, 229, 231, 368, 0.8
/Users/gregc/Documents/test/greg_results/gt/533_.kern, /Users/gregc/Documents/test/greg_results/pred/533_.kern, 314, 253, 189, 0.3333333333333333
/Users/gregc/Documents/test/greg_results/gt/69_.kern, /Users/gregc/Documents/test/greg_results/pred/69_.kern, 209, 200, 273, 0.6674816625916871
/Users/gregc/Documents/test/greg_results/gt/282_.kern, /Users/gregc/Documents/test/greg_results/pred/282_.kern, 207, 201, 301, 0.7377450980392157
/Users/gregc/Documents/test/greg_results/gt/517_.kern, /Users/gregc/Documents/test/greg_results/pred/517_.kern, 212, 196, 335, 0.821078431372549
/Users/gregc/Documents/test/greg_results/gt/242_.kern, /Users/gregc/Documents/test/greg_results/pred/242_.kern, 228, 254, 412, 0.8547717842323651
/Users/gregc/Documents/test/greg_results/gt/54_.kern, /Users/gregc/Documents/test/greg_results/pred/54_.kern, 271, 273, 28, 0.051470588235294115
/Users/gregc/Documents/test/greg_results/gt/106_.kern, /Users/gregc/Documents/test/greg_results/pred/106_.kern, 219, 219, 12, 0.0273972602739726
/Users/gregc/Documents/test/greg_results/gt/143_.kern, /Users/gregc/Documents/test/greg_results/pred/143_.kern, 379, 352, 473, 0.6470588235294118
/Users/gregc/Documents/test/greg_results/gt/472_.kern, /Users/gregc/Documents/test/greg_results/pred/472_.kern, 457, 0, 457, 1.0
/Users/gregc/Documents/test/greg_results/gt/437_.kern, /Users/gregc/Documents/test/greg_results/pred/437_.kern, 262, 238, 290, 0.58
/Users/gregc/Documents/test/greg_results/gt/104_.kern, /Users/gregc/Documents/test/greg_results/pred/104_.kern, 301, 241, 413, 0.7619926199261993
/Users/gregc/Documents/test/greg_results/gt/141_.kern, /Users/gregc/Documents/test/greg_results/pred/141_.kern, 230, 228, 309, 0.6746724890829694
/Users/gregc/Documents/test/greg_results/gt/13_.kern, /Users/gregc/Documents/test/greg_results/pred/13_.kern, 244, 246, 344, 0.7020408163265306
/Users/gregc/Documents/test/greg_results/gt/56_.kern, /Users/gregc/Documents/test/greg_results/pred/56_.kern, 170, 163, 215, 0.6456456456456456
/Users/gregc/Documents/test/greg_results/gt/205_.kern, /Users/gregc/Documents/test/greg_results/pred/205_.kern, 319, 322, 326, 0.5085803432137286
/Users/gregc/Documents/test/greg_results/gt/240_.kern, /Users/gregc/Documents/test/greg_results/pred/240_.kern, 252, 227, 260, 0.5427974947807933
/Users/gregc/Documents/test/greg_results/gt/318_.kern, /Users/gregc/Documents/test/greg_results/pred/318_.kern, 243, 194, 227, 0.5194508009153318
/Users/gregc/Documents/test/greg_results/gt/470_.kern, /Users/gregc/Documents/test/greg_results/pred/470_.kern, 153, 155, 40, 0.12987012987012986
/Users/gregc/Documents/test/greg_results/gt/435_.kern, /Users/gregc/Documents/test/greg_results/pred/435_.kern, 244, 79, 265, 0.8204334365325078
/Users/gregc/Documents/test/greg_results/gt/408_.kern, /Users/gregc/Documents/test/greg_results/pred/408_.kern, 264, 222, 397, 0.8168724279835391
/Users/gregc/Documents/test/greg_results/gt/238_.kern, /Users/gregc/Documents/test/greg_results/pred/238_.kern, 147, 160, 193, 0.6286644951140065
/Users/gregc/Documents/test/greg_results/gt/96_.kern, /Users/gregc/Documents/test/greg_results/pred/96_.kern, 223, 212, 324, 0.7448275862068966
/Users/gregc/Documents/test/greg_results/gt/515_.kern, /Users/gregc/Documents/test/greg_results/pred/515_.kern, 288, 242, 352, 0.6641509433962264
/Users/gregc/Documents/test/greg_results/gt/181_.kern, /Users/gregc/Documents/test/greg_results/pred/181_.kern, 152, 152, 229, 0.7532894736842105
/Users/gregc/Documents/test/greg_results/gt/139_.kern, /Users/gregc/Documents/test/greg_results/pred/139_.kern, 292, 286, 287, 0.49653979238754326
/Users/gregc/Documents/test/greg_results/gt/280_.kern, /Users/gregc/Documents/test/greg_results/pred/280_.kern, 285, 280, 145, 0.25663716814159293
/Users/gregc/Documents/test/greg_results/gt/469_.kern, /Users/gregc/Documents/test/greg_results/pred/469_.kern, 240, 238, 133, 0.27824267782426776
/Users/gregc/Documents/test/greg_results/gt/344_.kern, /Users/gregc/Documents/test/greg_results/pred/344_.kern, 314, 300, 84, 0.13680781758957655
/Users/gregc/Documents/test/greg_results/gt/301_.kern, /Users/gregc/Documents/test/greg_results/pred/301_.kern, 347, 317, 542, 0.8162650602409639
/Users/gregc/Documents/test/greg_results/gt/494_.kern, /Users/gregc/Documents/test/greg_results/pred/494_.kern, 190, 145, 276, 0.8238805970149253
/Users/gregc/Documents/test/greg_results/gt/158_.kern, /Users/gregc/Documents/test/greg_results/pred/158_.kern, 172, 170, 44, 0.1286549707602339
/Users/gregc/Documents/test/greg_results/gt/531_.kern, /Users/gregc/Documents/test/greg_results/pred/531_.kern, 293, 299, 285, 0.4814189189189189
/Users/gregc/Documents/test/greg_results/gt/259_.kern, /Users/gregc/Documents/test/greg_results/pred/259_.kern, 245, 243, 290, 0.5942622950819673
/Users/gregc/Documents/test/greg_results/gt/198_.kern, /Users/gregc/Documents/test/greg_results/pred/198_.kern, 233, 249, 417, 0.8651452282157677
/Users/gregc/Documents/test/greg_results/gt/221_.kern, /Users/gregc/Documents/test/greg_results/pred/221_.kern, 185, 185, 237, 0.6405405405405405
/Users/gregc/Documents/test/greg_results/gt/37_.kern, /Users/gregc/Documents/test/greg_results/pred/37_.kern, 188, 216, 300, 0.7425742574257426
/Users/gregc/Documents/test/greg_results/gt/299_.kern, /Users/gregc/Documents/test/greg_results/pred/299_.kern, 219, 212, 186, 0.43155452436194897
/Users/gregc/Documents/test/greg_results/gt/72_.kern, /Users/gregc/Documents/test/greg_results/pred/72_.kern, 244, 237, 294, 0.6112266112266113
/Users/gregc/Documents/test/greg_results/gt/120_.kern, /Users/gregc/Documents/test/greg_results/pred/120_.kern, 197, 195, 236, 0.6020408163265306
/Users/gregc/Documents/test/greg_results/gt/165_.kern, /Users/gregc/Documents/test/greg_results/pred/165_.kern, 129, 123, 32, 0.12698412698412698
/Users/gregc/Documents/test/greg_results/gt/384_.kern, /Users/gregc/Documents/test/greg_results/pred/384_.kern, 373, 398, 729, 0.9455252918287937
/Users/gregc/Documents/test/greg_results/gt/454_.kern, /Users/gregc/Documents/test/greg_results/pred/454_.kern, 304, 261, 446, 0.7893805309734513
/Users/gregc/Documents/test/greg_results/gt/411_.kern, /Users/gregc/Documents/test/greg_results/pred/411_.kern, 341, 344, 463, 0.6759124087591241
/Users/gregc/Documents/test/greg_results/gt/379_.kern, /Users/gregc/Documents/test/greg_results/pred/379_.kern, 197, 178, 264, 0.704
/Users/gregc/Documents/test/greg_results/gt/535_.kern, /Users/gregc/Documents/test/greg_results/pred/535_.kern, 315, 314, 440, 0.699523052464229
/Users/gregc/Documents/test/greg_results/gt/218_.kern, /Users/gregc/Documents/test/greg_results/pred/218_.kern, 184, 175, 233, 0.649025069637883
/Users/gregc/Documents/test/greg_results/gt/119_.kern, /Users/gregc/Documents/test/greg_results/pred/119_.kern, 281, 23, 274, 0.9013157894736842
/Users/gregc/Documents/test/greg_results/gt/490_.kern, /Users/gregc/Documents/test/greg_results/pred/490_.kern, 339, 322, 485, 0.7337367624810892
/Users/gregc/Documents/test/greg_results/gt/428_.kern, /Users/gregc/Documents/test/greg_results/pred/428_.kern, 367, 0, 367, 1.0
/Users/gregc/Documents/test/greg_results/gt/340_.kern, /Users/gregc/Documents/test/greg_results/pred/340_.kern, 245, 245, 294, 0.6
/Users/gregc/Documents/test/greg_results/gt/305_.kern, /Users/gregc/Documents/test/greg_results/pred/305_.kern, 302, 184, 427, 0.8786008230452675
/Users/gregc/Documents/test/greg_results/gt/450_.kern, /Users/gregc/Documents/test/greg_results/pred/450_.kern, 192, 200, 235, 0.5994897959183674
/Users/gregc/Documents/test/greg_results/gt/415_.kern, /Users/gregc/Documents/test/greg_results/pred/415_.kern, 175, 175, 155, 0.44285714285714284
/Users/gregc/Documents/test/greg_results/gt/338_.kern, /Users/gregc/Documents/test/greg_results/pred/338_.kern, 238, 213, 327, 0.7250554323725056
/Users/gregc/Documents/test/greg_results/gt/33_.kern, /Users/gregc/Documents/test/greg_results/pred/33_.kern, 282, 284, 296, 0.5229681978798587
/Users/gregc/Documents/test/greg_results/gt/76_.kern, /Users/gregc/Documents/test/greg_results/pred/76_.kern, 182, 158, 324, 0.9529411764705882
/Users/gregc/Documents/test/greg_results/gt/124_.kern, /Users/gregc/Documents/test/greg_results/pred/124_.kern, 223, 166, 266, 0.6838046272493573
/Users/gregc/Documents/test/greg_results/gt/161_.kern, /Users/gregc/Documents/test/greg_results/pred/161_.kern, 289, 268, 368, 0.6606822262118492
/Users/gregc/Documents/test/greg_results/gt/508_.kern, /Users/gregc/Documents/test/greg_results/pred/508_.kern, 232, 230, 216, 0.4675324675324675
/Users/gregc/Documents/test/greg_results/gt/225_.kern, /Users/gregc/Documents/test/greg_results/pred/225_.kern, 309, 237, 345, 0.6318681318681318
/Users/gregc/Documents/test/greg_results/gt/489_.kern, /Users/gregc/Documents/test/greg_results/pred/489_.kern, 210, 208, 272, 0.6507177033492823
/Users/gregc/Documents/test/greg_results/gt/359_.kern, /Users/gregc/Documents/test/greg_results/pred/359_.kern, 215, 211, 205, 0.4812206572769953
/Users/gregc/Documents/test/greg_results/gt/474_.kern, /Users/gregc/Documents/test/greg_results/pred/474_.kern, 157, 153, 212, 0.6838709677419355
/Users/gregc/Documents/test/greg_results/gt/201_.kern, /Users/gregc/Documents/test/greg_results/pred/201_.kern, 232, 222, 329, 0.724669603524229
/Users/gregc/Documents/test/greg_results/gt/244_.kern, /Users/gregc/Documents/test/greg_results/pred/244_.kern, 278, 277, 115, 0.2072072072072072
/Users/gregc/Documents/test/greg_results/gt/145_.kern, /Users/gregc/Documents/test/greg_results/pred/145_.kern, 233, 229, 404, 0.8744588744588745
/Users/gregc/Documents/test/greg_results/gt/17_.kern, /Users/gregc/Documents/test/greg_results/pred/17_.kern, 338, 283, 382, 0.6151368760064412
/Users/gregc/Documents/test/greg_results/gt/52_.kern, /Users/gregc/Documents/test/greg_results/pred/52_.kern, 306, 258, 395, 0.700354609929078
/Users/gregc/Documents/test/greg_results/gt/178_.kern, /Users/gregc/Documents/test/greg_results/pred/178_.kern, 451, 349, 722, 0.9025
/Users/gregc/Documents/test/greg_results/gt/284_.kern, /Users/gregc/Documents/test/greg_results/pred/284_.kern, 213, 202, 302, 0.727710843373494
/Users/gregc/Documents/test/greg_results/gt/279_.kern, /Users/gregc/Documents/test/greg_results/pred/279_.kern, 280, 277, 80, 0.1436265709156194
/Users/gregc/Documents/test/greg_results/gt/92_.kern, /Users/gregc/Documents/test/greg_results/pred/92_.kern, 302, 208, 402, 0.788235294117647
/Users/gregc/Documents/test/greg_results/gt/511_.kern, /Users/gregc/Documents/test/greg_results/pred/511_.kern, 259, 249, 367, 0.7224409448818898
/Users/gregc/Documents/test/greg_results/gt/185_.kern, /Users/gregc/Documents/test/greg_results/pred/185_.kern, 265, 248, 162, 0.3157894736842105
/Users/gregc/Documents/test/greg_results/gt/364_.kern, /Users/gregc/Documents/test/greg_results/pred/364_.kern, 248, 152, 342, 0.855
/Users/gregc/Documents/test/greg_results/gt/449_.kern, /Users/gregc/Documents/test/greg_results/pred/449_.kern, 130, 54, 150, 0.8152173913043478
/Users/gregc/Documents/test/greg_results/gt/513_.kern, /Users/gregc/Documents/test/greg_results/pred/513_.kern, 316, 255, 170, 0.29772329246935203
/Users/gregc/Documents/test/greg_results/gt/187_.kern, /Users/gregc/Documents/test/greg_results/pred/187_.kern, 270, 271, 33, 0.06099815157116451
/Users/gregc/Documents/test/greg_results/gt/90_.kern, /Users/gregc/Documents/test/greg_results/pred/90_.kern, 197, 197, 173, 0.43908629441624364
/Users/gregc/Documents/test/greg_results/gt/28_.kern, /Users/gregc/Documents/test/greg_results/pred/28_.kern, 216, 214, 299, 0.6953488372093023
/Users/gregc/Documents/test/greg_results/gt/366_.kern, /Users/gregc/Documents/test/greg_results/pred/366_.kern, 205, 155, 287, 0.7972222222222223
/Users/gregc/Documents/test/greg_results/gt/323_.kern, /Users/gregc/Documents/test/greg_results/pred/323_.kern, 157, 149, 241, 0.7875816993464052
/Users/gregc/Documents/test/greg_results/gt/476_.kern, /Users/gregc/Documents/test/greg_results/pred/476_.kern, 288, 353, 520, 0.8112324492979719
/Users/gregc/Documents/test/greg_results/gt/433_.kern, /Users/gregc/Documents/test/greg_results/pred/433_.kern, 184, 181, 101, 0.27671232876712326
/Users/gregc/Documents/test/greg_results/gt/15_.kern, /Users/gregc/Documents/test/greg_results/pred/15_.kern, 417, 396, 625, 0.7687576875768758
/Users/gregc/Documents/test/greg_results/gt/50_.kern, /Users/gregc/Documents/test/greg_results/pred/50_.kern, 384, 378, 248, 0.32545931758530183
/Users/gregc/Documents/test/greg_results/gt/102_.kern, /Users/gregc/Documents/test/greg_results/pred/102_.kern, 269, 259, 249, 0.4715909090909091
/Users/gregc/Documents/test/greg_results/gt/147_.kern, /Users/gregc/Documents/test/greg_results/pred/147_.kern, 284, 280, 184, 0.3262411347517731
/Users/gregc/Documents/test/greg_results/gt/203_.kern, /Users/gregc/Documents/test/greg_results/pred/203_.kern, 233, 199, 339, 0.7847222222222222
/Users/gregc/Documents/test/greg_results/gt/246_.kern, /Users/gregc/Documents/test/greg_results/pred/246_.kern, 288, 233, 412, 0.7907869481765835
/Users/gregc/Documents/test/greg_results/gt/382_.kern, /Users/gregc/Documents/test/greg_results/pred/382_.kern, 323, 308, 283, 0.44849445324881143
/Users/gregc/Documents/test/greg_results/gt/452_.kern, /Users/gregc/Documents/test/greg_results/pred/452_.kern, 240, 234, 108, 0.22784810126582278
/Users/gregc/Documents/test/greg_results/gt/417_.kern, /Users/gregc/Documents/test/greg_results/pred/417_.kern, 350, 336, 518, 0.7551020408163265
/Users/gregc/Documents/test/greg_results/gt/227_.kern, /Users/gregc/Documents/test/greg_results/pred/227_.kern, 138, 109, 235, 0.951417004048583
/Users/gregc/Documents/test/greg_results/gt/262_.kern, /Users/gregc/Documents/test/greg_results/pred/262_.kern, 274, 223, 389, 0.7826961770623743
/Users/gregc/Documents/test/greg_results/gt/126_.kern, /Users/gregc/Documents/test/greg_results/pred/126_.kern, 232, 221, 372, 0.8211920529801324
/Users/gregc/Documents/test/greg_results/gt/163_.kern, /Users/gregc/Documents/test/greg_results/pred/163_.kern, 290, 283, 558, 0.9738219895287958
/Users/gregc/Documents/test/greg_results/gt/31_.kern, /Users/gregc/Documents/test/greg_results/pred/31_.kern, 367, 345, 539, 0.7570224719101124
/Users/gregc/Documents/test/greg_results/gt/74_.kern, /Users/gregc/Documents/test/greg_results/pred/74_.kern, 226, 189, 296, 0.7132530120481928
/Users/gregc/Documents/test/greg_results/gt/49_.kern, /Users/gregc/Documents/test/greg_results/pred/49_.kern, 144, 147, 110, 0.37800687285223367
/Users/gregc/Documents/test/greg_results/gt/537_.kern, /Users/gregc/Documents/test/greg_results/pred/537_.kern, 303, 309, 593, 0.9689542483660131
/Users/gregc/Documents/test/greg_results/gt/342_.kern, /Users/gregc/Documents/test/greg_results/pred/342_.kern, 215, 214, 297, 0.6923076923076923
/Users/gregc/Documents/test/greg_results/gt/492_.kern, /Users/gregc/Documents/test/greg_results/pred/492_.kern, 184, 174, 273, 0.7625698324022346
, , 117392, 103157, 140106, 0.6352601916127482
